<application>
  <component name="FileTypeManager" version="18">
    <ignoreFiles list="*.pyc;*.pyo;*.rbc;*.yarb;*~;.DS_Store;.hg;.svn;CVS;__pycache__;_svn;vssver.scc;vssver2.scc" />
    <extensionMap>
      <mapping pattern="aaa" type="AUTO_DETECTED" />
      <mapping pattern="git_config" type="AUTO_DETECTED" />
      <mapping pattern="pre-receive" type="AUTO_DETECTED" />
      <mapping pattern="aa" type="AUTO_DETECTED" />
      <mapping pattern=".env" type="PLAIN_TEXT" />
      <mapping ext="public" type="PLAIN_TEXT" />
      <mapping ext="log" type="PLAIN_TEXT" />
    </extensionMap>
  </component>
</application>